{
  "generated_at": "2026-06-18T00:25:21",
  "model_version": "goal-model-research-v0.2",
  "results": [
    {
      "fit_time_s": 0.13,
      "holdout": "2014_WC",
      "metrics": {
        "actual_away_rate": 0.3150684931506849,
        "actual_draw_rate": 0.2054794520547945,
        "actual_home_rate": 0.4794520547945205,
        "avg_actual_total_goals": 2.643835616438356,
        "avg_pred_away_prob": 0.3451265720442843,
        "avg_pred_draw_prob": 0.241430573786921,
        "avg_pred_home_prob": 0.4134428541687948,
        "avg_pred_total_goals": 2.957140419745758,
        "away_calibration": 0.3150684931506849,
        "brier_score": 0.6291810250565489,
        "draw_calibration": 0.2054794520547945,
        "exact_score_accuracy": 0.0684931506849315,
        "holdout_name": "2014_WC",
        "home_calibration": 0.4794520547945205,
        "log_loss": 1.0417226700529258,
        "mae_away_goals": 1.1493597619736085,
        "mae_home_goals": 0.9588177218269568,
        "mae_total_goals": 1.3796881860703227,
        "n_excluded": 0,
        "n_low_history": 0,
        "n_matches": 73,
        "n_unseen": 0,
        "poisson_nll": 3.108740016503231,
        "ranked_probability_score": 0.23229649228867608,
        "top_pick_accuracy": 0.4794520547945205,
        "within_one_goal_accuracy": 0.3013698630136986
      },
      "model": "global_poisson",
      "predict_time_s": 0.01
    },
    {
      "fit_time_s": 24.74,
      "holdout": "2014_WC",
      "metrics": {
        "actual_away_rate": 0.3150684931506849,
        "actual_draw_rate": 0.2054794520547945,
        "actual_home_rate": 0.4794520547945205,
        "avg_actual_total_goals": 2.643835616438356,
        "avg_pred_away_prob": 0.3128700084591176,
        "avg_pred_draw_prob": 0.2661069881972201,
        "avg_pred_home_prob": 0.4210230033436622,
        "avg_pred_total_goals": 2.395406841758981,
        "away_calibration": 0.3150684931506849,
        "brier_score": 0.6349299809659967,
        "draw_calibration": 0.2054794520547945,
        "exact_score_accuracy": 0.0684931506849315,
        "holdout_name": "2014_WC",
        "home_calibration": 0.4794520547945205,
        "log_loss": 1.0513044932549367,
        "mae_away_goals": 1.04244061411446,
        "mae_home_goals": 0.9042449102095441,
        "mae_total_goals": 1.431356626531419,
        "n_excluded": 0,
        "n_low_history": 0,
        "n_matches": 73,
        "n_unseen": 0,
        "poisson_nll": 3.0991280023801626,
        "ranked_probability_score": 0.23357117889132847,
        "top_pick_accuracy": 0.4383561643835616,
        "within_one_goal_accuracy": 0.273972602739726
      },
      "model": "regularized_team",
      "predict_time_s": 0.01
    },
    {
      "fit_time_s": 0.13,
      "holdout": "2018_WC",
      "metrics": {
        "actual_away_rate": 0.4,
        "actual_draw_rate": 0.2,
        "actual_home_rate": 0.4,
        "avg_actual_total_goals": 2.6153846153846154,
        "avg_pred_away_prob": 0.3636402352245,
        "avg_pred_draw_prob": 0.24458255780936108,
        "avg_pred_home_prob": 0.3917772069661388,
        "avg_pred_total_goals": 2.9354078464058317,
        "away_calibration": 0.4,
        "brier_score": 0.6380449153726823,
        "draw_calibration": 0.2,
        "exact_score_accuracy": 0.1076923076923077,
        "holdout_name": "2018_WC",
        "home_calibration": 0.4,
        "log_loss": 1.0531412429951756,
        "mae_away_goals": 0.8201815653398261,
        "mae_home_goals": 1.0485739747377534,
        "mae_total_goals": 1.221452014022575,
        "n_excluded": 0,
        "n_low_history": 0,
        "n_matches": 65,
        "n_unseen": 0,
        "poisson_nll": 2.9224096922372653,
        "ranked_probability_score": 0.23797738722408265,
        "top_pick_accuracy": 0.4307692307692308,
        "within_one_goal_accuracy": 0.38461538461538464
      },
      "model": "global_poisson",
      "predict_time_s": 0.01
    },
    {
      "fit_time_s": 24.51,
      "holdout": "2018_WC",
      "metrics": {
        "actual_away_rate": 0.4,
        "actual_draw_rate": 0.2,
        "actual_home_rate": 0.4,
        "avg_actual_total_goals": 2.6153846153846154,
        "avg_pred_away_prob": 0.35331137406099766,
        "avg_pred_draw_prob": 0.2789916173432209,
        "avg_pred_home_prob": 0.3676970085957813,
        "avg_pred_total_goals": 2.2771882054100887,
        "away_calibration": 0.4,
        "brier_score": 0.6398764503056533,
        "draw_calibration": 0.2,
        "exact_score_accuracy": 0.12307692307692308,
        "holdout_name": "2018_WC",
        "home_calibration": 0.4,
        "log_loss": 1.059991557111275,
        "mae_away_goals": 0.7601094935707078,
        "mae_home_goals": 0.9658438466120236,
        "mae_total_goals": 1.202198677690079,
        "n_excluded": 0,
        "n_low_history": 0,
        "n_matches": 65,
        "n_unseen": 0,
        "poisson_nll": 2.947856392569768,
        "ranked_probability_score": 0.23772679622836515,
        "top_pick_accuracy": 0.4307692307692308,
        "within_one_goal_accuracy": 0.47692307692307695
      },
      "model": "regularized_team",
      "predict_time_s": 0.01
    },
    {
      "fit_time_s": 0.14,
      "holdout": "2022_WC",
      "metrics": {
        "actual_away_rate": 0.3218390804597701,
        "actual_draw_rate": 0.2413793103448276,
        "actual_home_rate": 0.4367816091954023,
        "avg_actual_total_goals": 2.5977011494252875,
        "avg_pred_away_prob": 0.3386332350239578,
        "avg_pred_draw_prob": 0.24758321639003963,
        "avg_pred_home_prob": 0.4137835485860025,
        "avg_pred_total_goals": 2.825514850203933,
        "away_calibration": 0.3218390804597701,
        "brier_score": 0.661728129014952,
        "draw_calibration": 0.2413793103448276,
        "exact_score_accuracy": 0.08045977011494253,
        "holdout_name": "2022_WC",
        "home_calibration": 0.4367816091954023,
        "log_loss": 1.0900876747542432,
        "mae_away_goals": 0.9807046718426077,
        "mae_home_goals": 1.1872553761458888,
        "mae_total_goals": 1.5099633496658778,
        "n_excluded": 0,
        "n_low_history": 0,
        "n_matches": 87,
        "n_unseen": 0,
        "poisson_nll": 3.1422603636771216,
        "ranked_probability_score": 0.23930305319957038,
        "top_pick_accuracy": 0.39080459770114945,
        "within_one_goal_accuracy": 0.2413793103448276
      },
      "model": "global_poisson",
      "predict_time_s": 0.02
    },
    {
      "fit_time_s": 23.52,
      "holdout": "2022_WC",
      "metrics": {
        "actual_away_rate": 0.3218390804597701,
        "actual_draw_rate": 0.2413793103448276,
        "actual_home_rate": 0.4367816091954023,
        "avg_actual_total_goals": 2.5977011494252875,
        "avg_pred_away_prob": 0.3280472416247905,
        "avg_pred_draw_prob": 0.27443506303462,
        "avg_pred_home_prob": 0.39751769534058956,
        "avg_pred_total_goals": 2.3296441716482486,
        "away_calibration": 0.3218390804597701,
        "brier_score": 0.6071476903976313,
        "draw_calibration": 0.2413793103448276,
        "exact_score_accuracy": 0.04597701149425287,
        "holdout_name": "2022_WC",
        "home_calibration": 0.4367816091954023,
        "log_loss": 1.0182698079480939,
        "mae_away_goals": 0.8737113898017642,
        "mae_home_goals": 1.1269140380633946,
        "mae_total_goals": 1.4847897078628771,
        "n_excluded": 0,
        "n_low_history": 0,
        "n_matches": 87,
        "n_unseen": 0,
        "poisson_nll": 3.028614586435818,
        "ranked_probability_score": 0.21259044680669606,
        "top_pick_accuracy": 0.4942528735632184,
        "within_one_goal_accuracy": 0.3103448275862069
      },
      "model": "regularized_team",
      "predict_time_s": 0.02
    },
    {
      "fit_time_s": 2.16,
      "holdout": "2023_onward",
      "metrics": {
        "actual_away_rate": 0.2967063382230833,
        "actual_draw_rate": 0.23110988098533075,