{
  "audit_version": "trusted_correction_v2_phase3",
  "best_by_aggregate_log_loss": "elo_goal_60_40 (tied with 3way_30pi_40elo_30goal at 0.918450)",
  "n_common": 3805,
  "results": {
    "3way_20pi_30elo_50goal": {
      "actual_away_rate": 0.299869,
      "actual_draw_rate": 0.230223,
      "actual_home_rate": 0.469908,
      "avg_pred_away": 0.33216,
      "avg_pred_draw": 0.222263,
      "avg_pred_home": 0.445578,
      "brier": 0.540086,
      "log_loss": 0.919778,
      "n_matches": 3805,
      "rps": 0.183449,
      "top1": 0.587122,
      "weights": {
        "elo": 0.3,
        "goal": 0.5,
        "pi": 0.2
      }
    },
    "3way_25pi_35elo_40goal": {
      "actual_away_rate": 0.299869,
      "actual_draw_rate": 0.230223,
      "actual_home_rate": 0.469908,
      "avg_pred_away": 0.334191,
      "avg_pred_draw": 0.219304,
      "avg_pred_home": 0.446505,
      "brier": 0.539364,
      "log_loss": 0.918831,
      "n_matches": 3805,
      "rps": 0.183004,
      "top1": 0.586597,
      "weights": {
        "elo": 0.35,
        "goal": 0.4,
        "pi": 0.25
      }
    },
    "3way_30pi_40elo_30goal": {
      "actual_away_rate": 0.299869,
      "actual_draw_rate": 0.230223,
      "actual_home_rate": 0.469908,
      "avg_pred_away": 0.336223,
      "avg_pred_draw": 0.216345,
      "avg_pred_home": 0.447432,
      "brier": 0.539085,
      "log_loss": 0.91845,
      "n_matches": 3805,
      "rps": 0.182752,
      "top1": 0.586859,
      "weights": {
        "elo": 0.4,
        "goal": 0.3,
        "pi": 0.3
      }
    },
    "3way_40pi_40elo_20goal": {
      "actual_away_rate": 0.299869,
      "actual_draw_rate": 0.230223,
      "actual_home_rate": 0.469908,
      "avg_pred_away": 0.338829,
      "avg_pred_draw": 0.211697,
      "avg_pred_home": 0.449474,
      "brier": 0.540495,
      "log_loss": 0.92006,
      "n_matches": 3805,
      "rps": 0.18321,
      "top1": 0.588436,
      "weights": {
        "elo": 0.4,
        "goal": 0.2,
        "pi": 0.4
      }
    },
    "actual_current_production_blend": {
      "actual_away_rate": 0.299869,
      "actual_draw_rate": 0.230223,
      "actual_home_rate": 0.469908,
      "avg_pred_away": 0.34864,
      "avg_pred_draw": 0.18889,
      "avg_pred_home": 0.46247,
      "brier": 0.573289,
      "log_loss": 0.969857,
      "n_matches": 3805,
      "rps": 0.197281,
      "top1": 0.554534,
      "weights": {
        "elo": 0.0,
        "goal": 0.0,
        "pi": 1.0
      }
    },
    "elo_goal_30_70": {
      "actual_away_rate": 0.299869,
      "actual_draw_rate": 0.230223,
      "actual_home_rate": 0.469908,
      "avg_pred_away": 0.326947,
      "avg_pred_draw": 0.231558,
      "avg_pred_home": 0.441495,
      "brier": 0.54184,
      "log_loss": 0.922372,
      "n_matches": 3805,
      "rps": 0.184473,
      "top1": 0.587648,
      "weights": {
        "elo": 0.3,
        "goal": 0.7,
        "pi": 0.0
      }
    },
    "elo_goal_40_60": {
      "actual_away_rate": 0.299869,
      "actual_draw_rate": 0.230223,
      "actual_home_rate": 0.469908,
      "avg_pred_away": 0.328404,
      "avg_pred_draw": 0.230288,
      "avg_pred_home": 0.441308,
      "brier": 0.540045,
      "log_loss": 0.920239,
      "n_matches": 3805,
      "rps": 0.183597,
      "top1": 0.59159,
      "weights": {
        "elo": 0.4,
        "goal": 0.6,
        "pi": 0.0
      }
    },
    "elo_goal_50_50": {
      "actual_away_rate": 0.299869,
      "actual_draw_rate": 0.230223,
      "actual_home_rate": 0.469908,
      "avg_pred_away": 0.32986,
      "avg_pred_draw": 0.229019,
      "avg_pred_home": 0.441121,
      "brier": 0.538912,
      "log_loss": 0.918928,
      "n_matches": 3805,
      "rps": 0.183032,
      "top1": 0.59343,
      "weights": {
        "elo": 0.5,
        "goal": 0.5,
        "pi": 0.0
      }
    },
    "elo_goal_60_40": {
      "actual_away_rate": 0.299869,
      "actual_draw_rate": 0.230223,
      "actual_home_rate": 0.469908,
      "avg_pred_away": 0.331317,
      "avg_pred_draw": 0.227749,
      "avg_pred_home": 0.440934,
      "brier": 0.53844,
      "log_loss": 0.91845,
      "n_matches": 3805,
      "rps": 0.182779,
      "top1": 0.59343,
      "weights": {
        "elo": 0.6,
        "goal": 0.4,
        "pi": 0.0
      }
    },
    "elo_goal_70_30": {
      "actual_away_rate": 0.299869,
      "actual_draw_rate": 0.230223,
      "actual_home_rate": 0.469908,
      "avg_pred_away": 0.332774,
      "avg_pred_draw": 0.226479,
      "avg_pred_home": 0.440747,
      "brier": 0.53863,
      "log_loss": 0.918851,
      "n_matches": 3805,
      "rps": 0.182836,
      "top1": 0.595795,
      "weights": {
        "elo": 0.7,
        "goal": 0.3,
        "pi": 0.0
      }
    },
    "elo_goal_80_20": {
      "actual_away_rate": 0.299869,
      "actual_draw_rate": 0.230223,
      "actual_home_rate": 0.469908,
      "avg_pred_away": 0.33423,
      "avg_pred_draw": 0.22521,
      "avg_pred_home": 0.44056,
      "brier": 0.539481,
      "log_loss": 0.920231,
      "n_matches": 3805,
      "rps": 0.183203,
      "top1": 0.59343,
      "weights": {
        "elo": 0.8,
        "goal": 0.2,
        "pi": 0.0
      }
    },
    "elo_goal_90_10": {
      "actual_away_rate": 0.299869,
      "actual_draw_rate": 0.230223,
      "actual_home_rate": 0.469908,
      "avg_pred_away": 0.335687,
      "avg_pred_draw": 0.22394,
      "avg_pred_home": 0.440373,
      "brier": 0.540994,
      "log_loss": 0.922802,
      "n_matches": 3805,
      "rps": 0.183882,
      "top1": 0.591064,
      "weights": {
        "elo": 0.9,
        "goal": 0.1,
        "pi": 0.0
      }
    },
    "elo_only": {
      "actual_away_rate": 0.299869,
      "actual_draw_rate": 0.230223,
      "actual_home_rate": 0.469908,
      "avg_pred_away": 0.337143,
      "avg_pred_draw": 0.22267,
      "avg_pred_home": 0.440186,
      "brier": 0.543168,
      "log_loss": 0.9271,
      "n_matches": 3805,
      "rps": 0.184872,
      "top1": 0.588173,
      "weights": {
        "elo": 1.0,
        "goal": 0.0,
        "pi": 0.0
      }
    },
    "goal_only": {
      "actual_away_rate": 0.299869,
      "actual_draw_rate": 0.230223,
      "actual_home_rate": 0.469908,
      "avg_pred_away": 0.322577,
      "avg_pred_draw": 0.235367,
      "avg_pred_home": 0.442056,
      "brier": 0.551193,
      "log_loss": 0.934044,
      "n_matches": 3805,
      "rps": 0.188964,
      "top1": 0.566886,
      "weights": {
        "elo": 0.0,
        "goal": 1.0,
        "pi": 0.0
      }
    },
    "pi_goal_30_70": {
      "actual_away_rate": 0.299869,
      "actual_draw_rate": 0.230223,
      "actual_home_rate": 0.469908,
      "avg_pred_away": 0.330396,
      "avg_pred_draw": 0.221424,
      "avg_pred_home": 0.44818,
      "brier": 0.548741,
      "log_loss": 0.930418,
      "n_matches": 3805,
      "rps": 0.187577,
      "top1": 0.569514,
      "weights": {
        "elo": 0.0,
        "goal": 0.7,
        "pi": 0.3
      }
    },
    "pi_goal_40_60": {
      "actual_away_rate": 0.299869,
      "actual_draw_rate": 0.230223,
      "actual_home_rate": 0.469908,
      "avg_pred_away": 0.333003,
      "avg_pred_draw": 0.216776,
      "avg_pred_home": 0.450221,
      "brier": 0.549653,
      "log_loss": 0.931533,
      "n_matches": 3805,
      "rps": 0.187854,
      "top1": 0.569514,
      "weights": {
        "elo": 0.0,
        "goal": 0.6,
        "pi": 0.4
      }
    },
    "pi_goal_50_50": {
      "actual_away_rate": 0.299869,
      "actual_draw_rate": 0.230223,
      "actual_home_rate": 0.469908,
      "avg_pred_away": 0.335609,
      "avg_pred_draw": 0.212128,
      "avg_pred_home": 0.452263,
      "brier": 0.55143,
      "log_loss": 0.933866,
      "n_matches": 3805,
      "rps": 0.188501,
      "top1": 0.569251,
      "weights": {
        "elo": 0.0,
        "goal": 0.5,
        "pi": 0.5
      }
    },
    "pi_goal_60_40": {
      "actual_away_rate": 0.299869,
      "actual_draw_rate": 0.230223,
      "actual_home_rate": 0.469908,
      "avg_pred_away": 0.338215,