{
  "blocks": {
    "2014_WC": {
      "best_candidate_blend": {
        "actual_away_rate": 0.34375,
        "actual_draw_rate": 0.203125,
        "actual_home_rate": 0.453125,
        "avg_pred_away": 0.318764,
        "avg_pred_draw": 0.237424,
        "avg_pred_home": 0.443812,
        "brier": 0.615974,
        "log_loss": 1.022444,
        "n_matches": 64,
        "rps": 0.22537,
        "top1": 0.453125
      },
      "current_production_blend": {
        "actual_away_rate": 0.34375,
        "actual_draw_rate": 0.203125,
        "actual_home_rate": 0.453125,
        "avg_pred_away": 0.316292,
        "avg_pred_draw": 0.195786,
        "avg_pred_home": 0.487923,
        "brier": 0.713117,
        "log_loss": 1.173989,
        "n_matches": 64,
        "rps": 0.27141,
        "top1": 0.4375
      },
      "elo_only": {
        "actual_away_rate": 0.34375,
        "actual_draw_rate": 0.203125,
        "actual_home_rate": 0.453125,
        "avg_pred_away": 0.314822,
        "avg_pred_draw": 0.238501,
        "avg_pred_home": 0.446677,
        "brier": 0.552925,
        "log_loss": 0.939139,
        "n_matches": 64,
        "rps": 0.195308,
        "top1": 0.609375
      },
      "goal_only": {
        "actual_away_rate": 0.34375,
        "actual_draw_rate": 0.203125,
        "actual_home_rate": 0.453125,
        "avg_pred_away": 0.326492,
        "avg_pred_draw": 0.277625,
        "avg_pred_home": 0.395883,
        "brier": 0.656503,
        "log_loss": 1.082702,
        "n_matches": 64,
        "rps": 0.243621,
        "top1": 0.421875
      },
      "n_common": 64,
      "elo60_goal40": {
        "n_matches": 64,
        "log_loss": 0.983385,
        "rps": 0.211148,
        "brier": 0.586471,
        "top1": 0.5781,
        "avg_pred_home": 0.427144,
        "avg_pred_draw": 0.252438,
        "avg_pred_away": 0.320418,
        "actual_home_rate": 0.453125,
        "actual_draw_rate": 0.203125,
        "actual_away_rate": 0.34375
      }
    },
    "2018_WC": {
      "best_candidate_blend": {
        "actual_away_rate": 0.40625,
        "actual_draw_rate": 0.203125,
        "actual_home_rate": 0.390625,
        "avg_pred_away": 0.341529,
        "avg_pred_draw": 0.241428,
        "avg_pred_home": 0.417043,
        "brier": 0.609141,
        "log_loss": 1.013309,
        "n_matches": 64,
        "rps": 0.222902,
        "top1": 0.515625
      },
      "current_production_blend": {
        "actual_away_rate": 0.40625,
        "actual_draw_rate": 0.203125,
        "actual_home_rate": 0.390625,
        "avg_pred_away": 0.348982,
        "avg_pred_draw": 0.202917,
        "avg_pred_home": 0.448101,
        "brier": 0.667859,
        "log_loss": 1.105361,
        "n_matches": 64,
        "rps": 0.252001,
        "top1": 0.46875
      },
      "elo_only": {
        "actual_away_rate": 0.40625,
        "actual_draw_rate": 0.203125,
        "actual_home_rate": 0.390625,
        "avg_pred_away": 0.330593,
        "avg_pred_draw": 0.239736,
        "avg_pred_home": 0.42967,
        "brier": 0.593512,
        "log_loss": 0.995102,
        "n_matches": 64,
        "rps": 0.214268,
        "top1": 0.546875
      },
      "goal_only": {
        "actual_away_rate": 0.40625,
        "actual_draw_rate": 0.203125,
        "actual_home_rate": 0.390625,
        "avg_pred_away": 0.348659,
        "avg_pred_draw": 0.282193,
        "avg_pred_home": 0.369149,
        "brier": 0.63196,
        "log_loss": 1.04871,
        "n_matches": 64,
        "rps": 0.232908,
        "top1": 0.46875
      },
      "n_common": 64,
      "elo60_goal40": {
        "n_matches": 64,
        "log_loss": 1.004807,
        "rps": 0.218432,
        "brier": 0.601638,
        "top1": 0.5469,
        "avg_pred_home": 0.405797,
        "avg_pred_draw": 0.255619,
        "avg_pred_away": 0.338584,
        "actual_home_rate": 0.390625,
        "actual_draw_rate": 0.203125,
        "actual_away_rate": 0.40625
      }
    },
    "2022_WC": {
      "best_candidate_blend": {
        "actual_away_rate": 0.328125,
        "actual_draw_rate": 0.234375,
        "actual_home_rate": 0.4375,
        "avg_pred_away": 0.334142,
        "avg_pred_draw": 0.241933,
        "avg_pred_home": 0.423925,
        "brier": 0.590013,
        "log_loss": 0.993876,
        "n_matches": 64,
        "rps": 0.207448,
        "top1": 0.5
      },
      "current_production_blend": {
        "actual_away_rate": 0.328125,
        "actual_draw_rate": 0.234375,
        "actual_home_rate": 0.4375,
        "avg_pred_away": 0.333578,
        "avg_pred_draw": 0.20608,
        "avg_pred_home": 0.460342,
        "brier": 0.586879,
        "log_loss": 0.984998,
        "n_matches": 64,
        "rps": 0.205586,
        "top1": 0.484375
      },
      "elo_only": {
        "actual_away_rate": 0.328125,
        "actual_draw_rate": 0.234375,
        "actual_home_rate": 0.4375,
        "avg_pred_away": 0.331538,
        "avg_pred_draw": 0.233558,
        "avg_pred_home": 0.434904,
        "brier": 0.611225,
        "log_loss": 1.023647,
        "n_matches": 64,
        "rps": 0.218547,
        "top1": 0.484375
      },
      "goal_only": {
        "actual_away_rate": 0.328125,
        "actual_draw_rate": 0.234375,
        "actual_home_rate": 0.4375,
        "avg_pred_away": 0.338179,
        "avg_pred_draw": 0.288952,
        "avg_pred_home": 0.372869,
        "brier": 0.613491,
        "log_loss": 1.024514,
        "n_matches": 64,
        "rps": 0.2159,
        "top1": 0.515625
      },
      "n_common": 64,
      "elo60_goal40": {
        "n_matches": 64,
        "log_loss": 1.01454,
        "rps": 0.214373,
        "brier": 0.604998,
        "top1": 0.5,
        "avg_pred_home": 0.409769,
        "avg_pred_draw": 0.255562,
        "avg_pred_away": 0.334669,
        "actual_home_rate": 0.4375,
        "actual_draw_rate": 0.234375,
        "actual_away_rate": 0.328125
      }
    },
    "2023_recent_internationals": {
      "best_candidate_blend": {
        "actual_away_rate": 0.296706,
        "actual_draw_rate": 0.23111,
        "actual_home_rate": 0.472184,
        "avg_pred_away": 0.336475,
        "avg_pred_draw": 0.215074,
        "avg_pred_home": 0.448451,
        "brier": 0.53558,
        "log_loss": 0.913592,
        "n_matches": 3613,
        "rps": 0.180848,
        "top1": 0.592029
      },
      "current_production_blend": {
        "actual_away_rate": 0.296706,
        "actual_draw_rate": 0.23111,
        "actual_home_rate": 0.472184,
        "avg_pred_away": 0.349474,
        "avg_pred_draw": 0.188215,
        "avg_pred_home": 0.462311,
        "brier": 0.568896,
        "log_loss": 0.963573,
        "n_matches": 3613,
        "rps": 0.194852,
        "top1": 0.559369
      },
      "elo_only": {
        "actual_away_rate": 0.296706,
        "actual_draw_rate": 0.23111,
        "actual_home_rate": 0.472184,
        "avg_pred_away": 0.337754,
        "avg_pred_draw": 0.221895,
        "avg_pred_home": 0.440351,
        "brier": 0.540898,
        "log_loss": 0.923972,
        "n_matches": 3613,
        "rps": 0.18357,
        "top1": 0.590368
      },
      "goal_only": {
        "actual_away_rate": 0.296706,
        "actual_draw_rate": 0.23111,
        "actual_home_rate": 0.472184,
        "avg_pred_away": 0.32177,
        "avg_pred_draw": 0.23284,
        "avg_pred_home": 0.445391,
        "brier": 0.546794,
        "log_loss": 0.927777,
        "n_matches": 3613,
        "rps": 0.186741,
        "top1": 0.572101
      },
      "n_common": 3613,
      "elo60_goal40": {
        "n_matches": 3613,
        "log_loss": 0.917137,
        "rps": 0.182106,
        "brier": 0.53743,
        "top1": 0.5987,
        "avg_pred_home": 0.44065,
        "avg_pred_draw": 0.22809,
        "avg_pred_away": 0.33126,
        "actual_home_rate": 0.472184,
        "actual_draw_rate": 0.23111,
        "actual_away_rate": 0.296706
      }
    }
  },